{"roberta-large@stsb": {"jct": 879.3455929756165, "service": 5172.022196292877, "best_trials": [["roberta-large@stsb-14", "1e-4", 8, 0.8978808300845684], ["roberta-large@stsb-16", "4e-4", 1, 0.9233658458455452]]}, "roberta-large@mnli": {"jct": 32016.382371902466, "service": 216906.95625209808, "best_trials": [["roberta-large@mnli-42", "1e-4", 12, 0.9071828833418237]]}}
