{"vit@frgfm#imagenette": {"jct": 736.1612496376038, "service": 4700.676239490509, "best_trials": [["vit@frgfm#imagenette-16", "4e-4", 1, 0.9903184713375797]]}, "vit@food101": {"jct": 4411.483748912811, "service": 24293.352478981018, "best_trials": [["vit@food101-41", "1e-4", 8, 0.6701782178217822], ["vit@food101-44", "4e-4", 4, 0.8222178217821782]]}}
