{"roberta-large@rte": {"jct": 662.6911859512329, "service": 3794.3677892684937, "best_trials": [["roberta-large@rte-1", "1e-5", 4, 0.5234657039711191], ["roberta-large@rte-22", "1e-3", 8, 0.8447653429602888], ["roberta-large@rte-17", "4e-4", 4, 0.8483754512635379]]}, "roberta-large@stsb": {"jct": 1664.691185951233, "service": 7906.3532066345215, "best_trials": [["roberta-large@stsb-43", "4e-4", 1, 0.9233658458455452], ["roberta-large@stsb-41", "1e-4", 8, 0.8978808300845684], ["roberta-large@stsb-52", "1e-2", 4, 0.03957292966100181], ["roberta-large@stsb-47", "1e-3", 1, 0.9168896537681791]]}}
