{"vit-large@cifar100": {"jct": 7284.551484107971, "service": 24017.652712106705, "best_trials": [["vit-large@cifar100-18", "4e-4", 8, 0.8542]]}, "vit-large@food101": {"jct": 7972.275742053986, "service": 27759.44677567482, "best_trials": [["vit-large@food101-39", "1e-4", 1, 0.810930693069307]]}}
