{"vit@Bingsu#Cat_and_Dog": {"jct": 933.3224992752075, "service": 4123.837489128113, "best_trials": [["vit@Bingsu#Cat_and_Dog-14", "1e-4", 8, 0.9965], ["vit@Bingsu#Cat_and_Dog-22", "1e-3", 8, 0.9965], ["vit@Bingsu#Cat_and_Dog-18", "4e-4", 8, 0.997]]}, "vit@imagenet-split-0": {"jct": 1388.1612496376038, "service": 6029.86999130249, "best_trials": [["vit@imagenet-split-0-44", "4e-4", 4, 0.9688], ["vit@imagenet-split-0-41", "1e-4", 8, 0.9576], ["vit@imagenet-split-0-49", "1e-3", 8, 0.9712]]}}
