{"roberta-large@rte": {"jct": 782.6911859512329, "service": 3794.3677892684937, "best_trials": [["roberta-large@rte-1", "1e-5", 4, 0.5234657039711191], ["roberta-large@rte-22", "1e-3", 8, 0.8447653429602888], ["roberta-large@rte-17", "4e-4", 4, 0.8483754512635379]]}, "roberta-large@stsb": {"jct": 1171.691185951233, "service": 4282.367789268494, "best_trials": [["roberta-large@stsb-44", "4e-4", 4, 0.9192419066477673], ["roberta-large@stsb-27", "1e-5", 1, 0.8081149657608926], ["roberta-large@stsb-49", "1e-3", 8, 0.9244108046427684]]}}
