{"roberta-base@mrpc": {"jct": 702.7980189323425, "service": 3451.1722650527954, "best_trials": [["roberta-base@mrpc-16", "4e-4", 1, 0.911917098445596], ["roberta-base@mrpc-20", "1e-3", 1, 0.9266547406082289], ["roberta-base@mrpc-14", "1e-4", 8, 0.8122270742358079]]}, "roberta-base@stsb": {"jct": 1186.7980189323425, "service": 4139.167312383652, "best_trials": [["roberta-base@stsb-31", "2e-5", 1, 0.8706339642571237], ["roberta-base@stsb-43", "4e-4", 1, 0.9029954361862933], ["roberta-base@stsb-51", "1e-2", 1, 0.01983805085874074], ["roberta-base@stsb-47", "1e-3", 1, 0.9034846642175431]]}}
