{"vit-large@frgfm#imagenette": {"jct": 1080, "service": 6083.998259782791, "best_trials": [["vit-large@frgfm#imagenette-4", "2e-5", 1, 0.9704458598726114], ["vit-large@frgfm#imagenette-12", "1e-4", 1, 0.9887898089171975]]}, "vit-large@imagenet-split-1": {"jct": 7104.137871026993, "service": 38622.204196214676, "best_trials": [["vit-large@imagenet-split-1-39", "1e-4", 1, 0.9064]]}}
