{"roberta-large@mrpc": {"jct": 1307.691185951233, "service": 5290.786940097809, "best_trials": [["roberta-large@mrpc-16", "4e-4", 1, 0.9323843416370107], ["roberta-large@mrpc-14", "1e-4", 8, 0.8768971332209106], ["roberta-large@mrpc-12", "1e-4", 1, 0.9128919860627178]]}, "roberta-large@stsb": {"jct": 1407.691185951233, "service": 4542.022196292877, "best_trials": [["roberta-large@stsb-43", "4e-4", 1, 0.9233658458455452], ["roberta-large@stsb-41", "1e-4", 8, 0.8978808300845684], ["roberta-large@stsb-48", "1e-3", 4, 0.9258632016325155]]}}
