{"roberta-large@rte": {"jct": 662.6911859512329, "service": 3794.3677892684937, "best_trials": [["roberta-large@rte-1", "1e-5", 4, 0.5234657039711191], ["roberta-large@rte-22", "1e-3", 8, 0.8447653429602888], ["roberta-large@rte-17", "4e-4", 4, 0.8483754512635379]]}, "roberta-large@mnli": {"jct": 31053.03677892685, "service": 214478.8091363907, "best_trials": [["roberta-large@mnli-42", "1e-4", 12, 0.9071828833418237]]}}
