{"roberta-large@mrpc": {"jct": 1069.3455929756165, "service": 4809.058975219727, "best_trials": [["roberta-large@mrpc-14", "1e-4", 8, 0.8768971332209106], ["roberta-large@mrpc-16", "4e-4", 1, 0.9323843416370107], ["roberta-large@mrpc-12", "1e-4", 1, 0.9128919860627178]]}, "roberta-large@stsb": {"jct": 1654.691185951233, "service": 6493.206090927124, "best_trials": [["roberta-large@stsb-41", "1e-4", 8, 0.8978808300845684], ["roberta-large@stsb-43", "4e-4", 1, 0.9233658458455452], ["roberta-large@stsb-52", "1e-2", 4, 0.03957292966100181], ["roberta-large@stsb-47", "1e-3", 1, 0.9168896537681791]]}}
