{"vit@mnist": {"jct": 3168.4837489128113, "service": 15053.15998840332, "best_trials": [["vit@mnist-17", "4e-4", 4, 0.9893]]}, "vit@imagenet-split-2": {"jct": 6512.161249637604, "service": 30256.062481880188, "best_trials": [["vit@imagenet-split-2-43", "4e-4", 1, 0.8862]]}}
