{"roberta-large@qqp": {"jct": 52977.382371902466, "service": 193437.47812604904, "best_trials": [["roberta-large@qqp-19", "4e-4", 12, 0.885397533455786]]}, "roberta-large@mnli": {"jct": 57213.03677892685, "service": 213160.88269424438, "best_trials": [["roberta-large@mnli-42", "1e-4", 12, 0.9071828833418237]]}}
