{"vit@Bingsu#Cat_and_Dog": {"jct": 813.3224992752075, "service": 4123.837489128113, "best_trials": [["vit@Bingsu#Cat_and_Dog-14", "1e-4", 8, 0.9965], ["vit@Bingsu#Cat_and_Dog-18", "4e-4", 8, 0.997], ["vit@Bingsu#Cat_and_Dog-22", "1e-3", 8, 0.9965]]}, "vit@imagenet-split-2": {"jct": 5547.483748912811, "service": 31078.642476081848, "best_trials": [["vit@imagenet-split-2-43", "4e-4", 1, 0.8862]]}}
