{"roberta-large@rte": {"jct": 780.6911859512329, "service": 3914.71338224411, "best_trials": [["roberta-large@rte-1", "1e-5", 4, 0.5234657039711191], ["roberta-large@rte-17", "4e-4", 4, 0.8483754512635379], ["roberta-large@rte-22", "1e-3", 8, 0.8447653429602888]]}, "roberta-large@mrpc": {"jct": 1165.691185951233, "service": 3670.294231414795, "best_trials": [["roberta-large@mrpc-44", "4e-4", 4, 0.9277978339350181], ["roberta-large@mrpc-27", "1e-5", 1, 0.8122270742358079], ["roberta-large@mrpc-51", "1e-2", 1, 0.8122270742358079], ["roberta-large@mrpc-49", "1e-3", 8, 0.91651865008881]]}}
