{"vit@frgfm#imagenette": {"jct": 736.1612496376038, "service": 4700.676239490509, "best_trials": [["vit@frgfm#imagenette-16", "4e-4", 1, 0.9903184713375797]]}, "vit@imagenet-split-2": {"jct": 5691.483748912811, "service": 29973.352478981018, "best_trials": [["vit@imagenet-split-2-43", "4e-4", 1, 0.8862]]}}
