{"roberta-base@rte": {"jct": 550.7980189323425, "service": 3459.970283985138, "best_trials": [["roberta-base@rte-14", "1e-4", 8, 0.5595667870036101], ["roberta-base@rte-23", "1e-3", 12, 0.7256317689530686], ["roberta-base@rte-17", "4e-4", 4, 0.7220216606498195]]}, "roberta-base@mnli": {"jct": 9093.197028398514, "service": 57033.157407045364, "best_trials": [["roberta-base@mnli-49", "1e-3", 8, 0.8699949057564952]]}}
