{"roberta-large@rte": {"jct": 1020.6911859512329, "service": 3794.3677892684937, "best_trials": [["roberta-large@rte-1", "1e-5", 4, 0.5234657039711191], ["roberta-large@rte-17", "4e-4", 4, 0.8483754512635379], ["roberta-large@rte-22", "1e-3", 8, 0.8447653429602888]]}, "roberta-large@mrpc": {"jct": 1411.691185951233, "service": 5762.514904975891, "best_trials": [["roberta-large@mrpc-43", "4e-4", 1, 0.9323843416370107], ["roberta-large@mrpc-41", "1e-4", 8, 0.8768971332209106], ["roberta-large@mrpc-39", "1e-4", 1, 0.9128919860627178]]}}
