{"vit-large@fashion_mnist": {"jct": 7005.275742053986, "service": 27049.549743890762, "best_trials": [["vit-large@fashion_mnist-12", "1e-4", 1, 0.937]]}, "vit-large@imagenet-split-1": {"jct": 10000.275742053986, "service": 39526.75568032265, "best_trials": [["vit-large@imagenet-split-1-39", "1e-4", 1, 0.9064]]}}
