{"roberta-base@wnli": {"jct": 439.39900946617126, "service": 2123.773255586624, "best_trials": [["roberta-base@wnli-3", "1e-5", 12, 0.43661971830985913], ["roberta-base@wnli-7", "2e-5", 12, 0.43661971830985913], ["roberta-base@wnli-11", "4e-5", 12, 0.43661971830985913], ["roberta-base@wnli-15", "1e-4", 12, 0.43661971830985913], ["roberta-base@wnli-19", "4e-4", 12, 0.5633802816901409], ["roberta-base@wnli-23", "1e-3", 12, 0.5633802816901409], ["roberta-base@wnli-2", "1e-5", 8, 0.43661971830985913], ["roberta-base@wnli-6", "2e-5", 8, 0.43661971830985913], ["roberta-base@wnli-10", "4e-5", 8, 0.43661971830985913], ["roberta-base@wnli-14", "1e-4", 8, 0.43661971830985913], ["roberta-base@wnli-18", "4e-4", 8, 0.5633802816901409], ["roberta-base@wnli-22", "1e-3", 8, 0.5633802816901409], ["roberta-base@wnli-26", "1e-2", 8, 0.5633802816901409], ["roberta-base@wnli-1", "1e-5", 4, 0.43661971830985913], ["roberta-base@wnli-5", "2e-5", 4, 0.43661971830985913], ["roberta-base@wnli-9", "4e-5", 4, 0.43661971830985913], ["roberta-base@wnli-13", "1e-4", 4, 0.4788732394366197], ["roberta-base@wnli-17", "4e-4", 4, 0.5633802816901409], ["roberta-base@wnli-21", "1e-3", 4, 0.5633802816901409], ["roberta-base@wnli-25", "1e-2", 4, 0.5633802816901409], ["roberta-base@wnli-0", "1e-5", 1, 0.43661971830985913], ["roberta-base@wnli-4", "2e-5", 1, 0.43661971830985913], ["roberta-base@wnli-8", "4e-5", 1, 0.4788732394366197], ["roberta-base@wnli-12", "1e-4", 1, 0.5492957746478874], ["roberta-base@wnli-16", "4e-4", 1, 0.5633802816901409], ["roberta-base@wnli-20", "1e-3", 1, 0.5633802816901409], ["roberta-base@wnli-24", "1e-2", 1, 0.5633802816901409]]}, "roberta-base@mrpc": {"jct": 780.7980189323425, "service": 1969.581179857254, "best_trials": [["roberta-base@mrpc-41", "1e-4", 8, 0.8122270742358079], ["roberta-base@mrpc-47", "1e-3", 1, 0.9266547406082289]]}}
