{"roberta-base@rte": {"jct": 550.7980189323425, "service": 3459.970283985138, "best_trials": [["roberta-base@rte-14", "1e-4", 8, 0.5595667870036101], ["roberta-base@rte-23", "1e-3", 12, 0.7256317689530686], ["roberta-base@rte-17", "4e-4", 4, 0.7220216606498195]]}, "roberta-base@stsb": {"jct": 1186.7980189323425, "service": 4139.167312383652, "best_trials": [["roberta-base@stsb-31", "2e-5", 1, 0.8706339642571237], ["roberta-base@stsb-43", "4e-4", 1, 0.9029954361862933], ["roberta-base@stsb-51", "1e-2", 1, 0.01983805085874074], ["roberta-base@stsb-47", "1e-3", 1, 0.9034846642175431]]}}
