local_bsz,gpu_memory
6,7.622518062591553
8,9.511037826538086
12,13.33167839050293
16,17.152318954467773
20,20.972959518432617
