app,time_cost
qnli,15.497662544250488
wnli,15.213698148727417
