app,time_cost
qnli,13.37625789642334
wnli,13.327459812164307
