local_bsz,gpu_memory
6,0.4751615524291992
8,0.4751615524291992
12,0.4751615524291992
16,0.4751615524291992
32,0.4751615524291992
36,0.4751615524291992
40,0.4751615524291992
48,0.4751615524291992
