{"roberta-base@rte": {"jct": 670.7980189323425, "service": 3459.970283985138, "best_trials": [["roberta-base@rte-23", "1e-3", 12, 0.7256317689530686], ["roberta-base@rte-14", "1e-4", 8, 0.5595667870036101], ["roberta-base@rte-17", "4e-4", 4, 0.7220216606498195]]}, "roberta-base@mrpc": {"jct": 1040.7980189323425, "service": 3763.7683029174805, "best_trials": [["roberta-base@mrpc-43", "4e-4", 1, 0.911917098445596], ["roberta-base@mrpc-41", "1e-4", 8, 0.8122270742358079], ["roberta-base@mrpc-47", "1e-3", 1, 0.9266547406082289]]}}
