{"roberta-large@sst2": {"jct": 8082.036778926849, "service": 37372.40456819534, "best_trials": [["roberta-large@sst2-19", "4e-4", 12, 0.9621559633027523]]}, "roberta-large@mnli": {"jct": 46902.03677892685, "service": 214793.22828722, "best_trials": [["roberta-large@mnli-42", "1e-4", 12, 0.9071828833418237]]}}
