{"roberta-large@mrpc": {"jct": 709.3455929756165, "service": 4703.367789268494, "best_trials": [["roberta-large@mrpc-14", "1e-4", 8, 0.8768971332209106], ["roberta-large@mrpc-12", "1e-4", 1, 0.9128919860627178], ["roberta-large@mrpc-16", "4e-4", 1, 0.9323843416370107]]}, "roberta-large@mnli": {"jct": 26703.03677892685, "service": 178111.20609092712, "best_trials": [["roberta-large@mnli-41", "1e-4", 8, 0.9079979623025981]]}}
