{"roberta-base@mrpc": {"jct": 529.3990094661713, "service": 3451.1722650527954, "best_trials": [["roberta-base@mrpc-14", "1e-4", 8, 0.8122270742358079], ["roberta-base@mrpc-16", "4e-4", 1, 0.911917098445596], ["roberta-base@mrpc-20", "1e-3", 1, 0.9266547406082289]]}, "roberta-base@qqp": {"jct": 11226.197028398514, "service": 74581.94552063942, "best_trials": [["roberta-base@qqp-46", "4e-4", 12, 0.8678947886907695]]}}
