local_bsz,gpu_memory
6,10.336888790130615
8,13.112821102142334
12,18.71351385116577
16,24.31420660018921
20,29.922460079193115
