{"vit-large@frgfm#imagenette": {"jct": 1080, "service": 6083.998259782791, "best_trials": [["vit-large@frgfm#imagenette-4", "2e-5", 1, 0.9704458598726114], ["vit-large@frgfm#imagenette-12", "1e-4", 1, 0.9887898089171975]]}, "vit-large@imagenet-split-2": {"jct": 8630.275742053986, "service": 50608.27226161957, "best_trials": [["vit-large@imagenet-split-2-39", "1e-4", 1, 0.876]]}}
