{"vit@frgfm#imagenette": {"jct": 736.1612496376038, "service": 4700.676239490509, "best_trials": [["vit@frgfm#imagenette-16", "4e-4", 1, 0.9903184713375797]]}, "vit@fashion_mnist": {"jct": 3953.3224992752075, "service": 19047.901232242584, "best_trials": [["vit@fashion_mnist-44", "4e-4", 4, 0.9324], ["vit@fashion_mnist-39", "1e-4", 1, 0.9316]]}}
