{"roberta-base@rte": {"jct": 550.7980189323425, "service": 3459.970283985138, "best_trials": [["roberta-base@rte-14", "1e-4", 8, 0.5595667870036101], ["roberta-base@rte-23", "1e-3", 12, 0.7256317689530686], ["roberta-base@rte-17", "4e-4", 4, 0.7220216606498195]]}, "roberta-base@qnli": {"jct": 5325.7980189323425, "service": 29905.53660583496, "best_trials": [["roberta-base@qnli-39", "1e-4", 1, 0.9271462566355483]]}}
