{"vit@Bingsu#Cat_and_Dog": {"jct": 933.3224992752075, "service": 4123.837489128113, "best_trials": [["vit@Bingsu#Cat_and_Dog-14", "1e-4", 8, 0.9965], ["vit@Bingsu#Cat_and_Dog-22", "1e-3", 8, 0.9965], ["vit@Bingsu#Cat_and_Dog-18", "4e-4", 8, 0.997]]}, "vit@food101": {"jct": 3000, "service": 16188.837489128113, "best_trials": [["vit@food101-50", "1e-3", 12, 0.8186138613861386]]}}
