{"vit@Bingsu#Cat_and_Dog": {"jct": 813.3224992752075, "service": 4123.837489128113, "best_trials": [["vit@Bingsu#Cat_and_Dog-14", "1e-4", 8, 0.9965], ["vit@Bingsu#Cat_and_Dog-18", "4e-4", 8, 0.997], ["vit@Bingsu#Cat_and_Dog-22", "1e-3", 8, 0.9965]]}, "vit@mnist": {"jct": 3593.3224992752075, "service": 18883.901232242584, "best_trials": [["vit@mnist-44", "4e-4", 4, 0.9893], ["vit@mnist-39", "1e-4", 1, 0.9892]]}}
