{"roberta-large@qnli": {"jct": 15911.03677892685, "service": 57752.78694009781, "best_trials": [["roberta-large@qnli-18", "4e-4", 8, 0.9492952590151931]]}, "roberta-large@snli": {"jct": 39613.69118595123, "service": 223676.4413471222, "best_trials": [["roberta-large@snli-45", "4e-4", 8, 0.9312131680552733]]}}
