{"vit@food101": {"jct": 4928.483748912811, "service": 19461.64373731613, "best_trials": [["vit@food101-17", "4e-4", 4, 0.8222178217821782]]}, "vit@imagenet-split-2": {"jct": 6987.483748912811, "service": 30718.31997680664, "best_trials": [["vit@imagenet-split-2-43", "4e-4", 1, 0.8862]]}}
