{"vit@mnist": {"jct": 3013.3224992752075, "service": 15498.321238040924, "best_trials": [["vit@mnist-17", "4e-4", 4, 0.9893]]}, "vit@food101": {"jct": 5246.483748912811, "service": 17388.998738765717, "best_trials": [["vit@food101-44", "4e-4", 4, 0.8222178217821782]]}}
