{"roberta-large@rte": {"jct": 662.6911859512329, "service": 3794.3677892684937, "best_trials": [["roberta-large@rte-1", "1e-5", 4, 0.5234657039711191], ["roberta-large@rte-22", "1e-3", 8, 0.8447653429602888], ["roberta-large@rte-17", "4e-4", 4, 0.8483754512635379]]}, "roberta-large@sst2": {"jct": 6691.382371902466, "service": 42289.69879961014, "best_trials": [["roberta-large@sst2-46", "4e-4", 12, 0.9621559633027523]]}}
