{"roberta-base@qnli": {"jct": 4650.7980189323425, "service": 22303.566321849823, "best_trials": [["roberta-base@qnli-12", "1e-4", 1, 0.9271462566355483]]}, "roberta-base@snli": {"jct": 23416.596037864685, "service": 110788.72868156433, "best_trials": [["roberta-base@snli-45", "4e-4", 8, 0.9139402560455192]]}}
