{"vit@imagenet-split-0": {"jct": 1450.3224992752075, "service": 7334.998738765717, "best_trials": [["vit@imagenet-split-0-16", "4e-4", 1, 0.9696]]}, "vit@imagenet-split-2": {"jct": 6041.483748912811, "service": 30893.352478981018, "best_trials": [["vit@imagenet-split-2-43", "4e-4", 1, 0.8862]]}}
