{"roberta-large@wnli": {"jct": 461.34559297561646, "service": 2723.3310103416443, "best_trials": [["roberta-large@wnli-3", "1e-5", 12, 0.5633802816901409], ["roberta-large@wnli-7", "2e-5", 12, 0.5774647887323944], ["roberta-large@wnli-11", "4e-5", 12, 0.5774647887323944], ["roberta-large@wnli-15", "1e-4", 12, 0.5633802816901409], ["roberta-large@wnli-19", "4e-4", 12, 0.5774647887323944], ["roberta-large@wnli-23", "1e-3", 12, 0.5633802816901409], ["roberta-large@wnli-2", "1e-5", 8, 0.5633802816901409], ["roberta-large@wnli-6", "2e-5", 8, 0.5774647887323944], ["roberta-large@wnli-10", "4e-5", 8, 0.5633802816901409], ["roberta-large@wnli-14", "1e-4", 8, 0.5633802816901409], ["roberta-large@wnli-18", "4e-4", 8, 0.5633802816901409], ["roberta-large@wnli-22", "1e-3", 8, 0.5774647887323944], ["roberta-large@wnli-26", "1e-2", 8, 0.5633802816901409], ["roberta-large@wnli-1", "1e-5", 4, 0.5633802816901409], ["roberta-large@wnli-5", "2e-5", 4, 0.5774647887323944], ["roberta-large@wnli-9", "4e-5", 4, 0.5633802816901409], ["roberta-large@wnli-13", "1e-4", 4, 0.5633802816901409], ["roberta-large@wnli-17", "4e-4", 4, 0.6197183098591549], ["roberta-large@wnli-21", "1e-3", 4, 0.5633802816901409], ["roberta-large@wnli-25", "1e-2", 4, 0.5633802816901409], ["roberta-large@wnli-0", "1e-5", 1, 0.5633802816901409], ["roberta-large@wnli-4", "2e-5", 1, 0.5774647887323944], ["roberta-large@wnli-8", "4e-5", 1, 0.5915492957746479], ["roberta-large@wnli-12", "1e-4", 1, 0.5633802816901409], ["roberta-large@wnli-16", "4e-4", 1, 0.5633802816901409], ["roberta-large@wnli-20", "1e-3", 1, 0.6338028169014085], ["roberta-large@wnli-24", "1e-2", 1, 0.5633802816901409]]}, "roberta-large@qnli": {"jct": 11077.691185951233, "service": 50229.132533073425, "best_trials": [["roberta-large@qnli-41", "1e-4", 8, 0.9474647629507597]]}}
