{"vit-large@cifar100": {"jct": 5696.413613080978, "service": 22676.687614917755, "best_trials": [["vit-large@cifar100-18", "4e-4", 8, 0.8542]]}, "vit-large@imagenet-split-1": {"jct": 9114.413613080978, "service": 41505.23735880852, "best_trials": [["vit-large@imagenet-split-1-39", "1e-4", 1, 0.9064]]}}
