{"vit-large@frgfm#imagenette": {"jct": 1080, "service": 6083.998259782791, "best_trials": [["vit-large@frgfm#imagenette-4", "2e-5", 1, 0.9704458598726114], ["vit-large@frgfm#imagenette-12", "1e-4", 1, 0.9887898089171975]]}, "vit-large@imagenet-split-0": {"jct": 3063.2757420539856, "service": 11595.584646701813, "best_trials": [["vit-large@imagenet-split-0-41", "1e-4", 8, 0.96], ["vit-large@imagenet-split-0-39", "1e-4", 1, 0.9704]]}}
