{"roberta-large@mrpc": {"jct": 709.3455929756165, "service": 4703.367789268494, "best_trials": [["roberta-large@mrpc-14", "1e-4", 8, 0.8768971332209106], ["roberta-large@mrpc-12", "1e-4", 1, 0.9128919860627178], ["roberta-large@mrpc-16", "4e-4", 1, 0.9323843416370107]]}, "roberta-large@qnli": {"jct": 8955.691185951233, "service": 59898.31642770767, "best_trials": [["roberta-large@qnli-45", "4e-4", 8, 0.9492952590151931]]}}
