{"roberta-base@qqp": {"jct": 17687.197028398514, "service": 69919.96037864685, "best_trials": [["roberta-base@qqp-19", "4e-4", 12, 0.8678947886907695]]}, "roberta-base@snli": {"jct": 25991.798018932343, "service": 100903.16235971451, "best_trials": [["roberta-base@snli-44", "4e-4", 4, 0.9164803901646007]]}}
