{"roberta-large@mrpc": {"jct": 709.3455929756165, "service": 4703.367789268494, "best_trials": [["roberta-large@mrpc-14", "1e-4", 8, 0.8768971332209106], ["roberta-large@mrpc-12", "1e-4", 1, 0.9128919860627178], ["roberta-large@mrpc-16", "4e-4", 1, 0.9323843416370107]]}, "roberta-large@sst2": {"jct": 8230.03677892685, "service": 41854.11795043945, "best_trials": [["roberta-large@sst2-46", "4e-4", 12, 0.9621559633027523]]}}
