{"vit@imagenet-split-1": {"jct": 3986.3224992752075, "service": 20244.44998550415, "best_trials": [["vit@imagenet-split-1-16", "4e-4", 1, 0.9082666666666667]]}, "vit@imagenet-split-2": {"jct": 6506.3224992752075, "service": 20628.998738765717, "best_trials": [["vit@imagenet-split-2-43", "4e-4", 1, 0.8862]]}}
