{"roberta-large@sst2": {"jct": 10606.03677892685, "service": 37662.095754146576, "best_trials": [["roberta-large@sst2-19", "4e-4", 12, 0.9621559633027523]]}, "roberta-large@qqp": {"jct": 28838.03677892685, "service": 164711.20609092712, "best_trials": [["roberta-large@qqp-46", "4e-4", 12, 0.885397533455786]]}}
