{"vit@imagenet-split-0": {"jct": 1536.1612496376038, "service": 7442.998738765717, "best_trials": [["vit@imagenet-split-0-21", "1e-3", 4, 0.9728], ["vit@imagenet-split-0-16", "4e-4", 1, 0.9696]]}, "vit@imagenet-split-2": {"jct": 5027.3224992752075, "service": 24673.482487678528, "best_trials": [["vit@imagenet-split-2-43", "4e-4", 1, 0.8862]]}}
