{"vit@cifar100": {"jct": 3072.3224992752075, "service": 13157.15998840332, "best_trials": [["vit@cifar100-16", "4e-4", 1, 0.7863]]}, "vit@imagenet-split-1": {"jct": 5365.3224992752075, "service": 23920.191229343414, "best_trials": [["vit@imagenet-split-1-50", "1e-3", 12, 0.9093333333333333], ["vit@imagenet-split-1-41", "1e-4", 8, 0.8562666666666666], ["vit@imagenet-split-1-43", "4e-4", 1, 0.9082666666666667]]}}
