{"vit@cifar100": {"jct": 3707.3224992752075, "service": 13393.643737316132, "best_trials": [["vit@cifar100-16", "4e-4", 1, 0.7863]]}, "vit@mnist": {"jct": 4853.483748912811, "service": 18618.73998260498, "best_trials": [["vit@mnist-39", "1e-4", 1, 0.9892], ["vit@mnist-44", "4e-4", 4, 0.9893]]}}
