{"roberta-base@mnli": {"jct": 23598.596037864685, "service": 74963.96037864685, "best_trials": [["roberta-base@mnli-22", "1e-3", 8, 0.8699949057564952]]}, "roberta-base@snli": {"jct": 26676.596037864685, "service": 112629.1276910305, "best_trials": [["roberta-base@snli-45", "4e-4", 8, 0.9139402560455192]]}}
