{"vit@mnist": {"jct": 3825.4837489128113, "service": 15095.321238040924, "best_trials": [["vit@mnist-17", "4e-4", 4, 0.9893]]}, "vit@food101": {"jct": 5704.483748912811, "service": 23600.062481880188, "best_trials": [["vit@food101-44", "4e-4", 4, 0.8222178217821782]]}}
