{"vit@cifar100": {"jct": 3014.3224992752075, "service": 13473.482487678528, "best_trials": [["vit@cifar100-16", "4e-4", 1, 0.7863]]}, "vit@food101": {"jct": 4320, "service": 15532.031240940094, "best_trials": [["vit@food101-45", "4e-4", 8, 0.8068514851485149]]}}
