{"vit-large@cifar100": {"jct": 5655.413613080978, "service": 23690.101227998734, "best_trials": [["vit-large@cifar100-18", "4e-4", 8, 0.8542]]}, "vit-large@imagenet-split-1": {"jct": 7851.413613080978, "service": 30432.96335697174, "best_trials": [["vit-large@imagenet-split-1-41", "1e-4", 8, 0.8914666666666666], ["vit-large@imagenet-split-1-45", "4e-4", 8, 0.9090666666666667], ["vit-large@imagenet-split-1-39", "1e-4", 1, 0.9064]]}}
