{"roberta-base@mrpc": {"jct": 529.3990094661713, "service": 3451.1722650527954, "best_trials": [["roberta-base@mrpc-14", "1e-4", 8, 0.8122270742358079], ["roberta-base@mrpc-16", "4e-4", 1, 0.911917098445596], ["roberta-base@mrpc-20", "1e-3", 1, 0.9266547406082289]]}, "roberta-base@qnli": {"jct": 4200, "service": 21558.374246120453, "best_trials": [["roberta-base@qnli-50", "1e-3", 12, 0.9278784550613216]]}}
