{"vit-large@mnist": {"jct": 6618.413613080978, "service": 26939.101227998734, "best_trials": [["vit-large@mnist-17", "4e-4", 4, 0.9912]]}, "vit-large@imagenet-split-1": {"jct": 9640.275742053986, "service": 39526.75568032265, "best_trials": [["vit-large@imagenet-split-1-39", "1e-4", 1, 0.9064]]}}
