{"vit@cifar100": {"jct": 2832.3224992752075, "service": 13157.15998840332, "best_trials": [["vit@cifar100-16", "4e-4", 1, 0.7863]]}, "vit@imagenet-split-2": {"jct": 6765.3224992752075, "service": 28989.513728618622, "best_trials": [["vit@imagenet-split-2-43", "4e-4", 1, 0.8862]]}}
