{"roberta-large@rte": {"jct": 782.6911859512329, "service": 3794.3677892684937, "best_trials": [["roberta-large@rte-1", "1e-5", 4, 0.5234657039711191], ["roberta-large@rte-22", "1e-3", 8, 0.8447653429602888], ["roberta-large@rte-17", "4e-4", 4, 0.8483754512635379]]}, "roberta-large@snli": {"jct": 34425.03677892685, "service": 233646.5149049759, "best_trials": [["roberta-large@snli-45", "4e-4", 8, 0.9312131680552733]]}}
