{"roberta-base@mrpc": {"jct": 529.3990094661713, "service": 3451.1722650527954, "best_trials": [["roberta-base@mrpc-14", "1e-4", 8, 0.8122270742358079], ["roberta-base@mrpc-16", "4e-4", 1, 0.911917098445596], ["roberta-base@mrpc-20", "1e-3", 1, 0.9266547406082289]]}, "roberta-base@mnli": {"jct": 12095.197028398514, "service": 81897.13759636879, "best_trials": [["roberta-base@mnli-49", "1e-3", 8, 0.8699949057564952]]}}
