{"vit-large@imagenet-split-1": {"jct": 7842.275742053986, "service": 34408.82548594475, "best_trials": [["vit-large@imagenet-split-1-12", "1e-4", 1, 0.9064]]}, "vit-large@imagenet-split-2": {"jct": 11696.275742053986, "service": 35988.82548594475, "best_trials": [["vit-large@imagenet-split-2-39", "1e-4", 1, 0.876]]}}
