{"roberta-base@mrpc": {"jct": 529.3990094661713, "service": 3451.1722650527954, "best_trials": [["roberta-base@mrpc-14", "1e-4", 8, 0.8122270742358079], ["roberta-base@mrpc-16", "4e-4", 1, 0.911917098445596], ["roberta-base@mrpc-20", "1e-3", 1, 0.9266547406082289]]}, "roberta-base@snli": {"jct": 13096.197028398514, "service": 85217.15740704536, "best_trials": [["roberta-base@snli-45", "4e-4", 8, 0.9139402560455192]]}}
