{"roberta-large@sst2": {"jct": 8082.036778926849, "service": 37372.40456819534, "best_trials": [["roberta-large@sst2-19", "4e-4", 12, 0.9621559633027523]]}, "roberta-large@qqp": {"jct": 35942.382371902466, "service": 218911.50032234192, "best_trials": [["roberta-large@qqp-46", "4e-4", 12, 0.885397533455786]]}}
