{"vit@imagenet-split-0": {"jct": 1450.3224992752075, "service": 7334.998738765717, "best_trials": [["vit@imagenet-split-0-16", "4e-4", 1, 0.9696]]}, "vit@fashion_mnist": {"jct": 4117.644998550415, "service": 20259.868730068207, "best_trials": [["vit@fashion_mnist-39", "1e-4", 1, 0.9316], ["vit@fashion_mnist-44", "4e-4", 4, 0.9324]]}}
