{"roberta-base@stsb": {"jct": 590.3990094661713, "service": 3580.773255586624, "best_trials": [["roberta-base@stsb-4", "2e-5", 1, 0.8706339642571237], ["roberta-base@stsb-16", "4e-4", 1, 0.9029954361862933], ["roberta-base@stsb-20", "1e-3", 1, 0.9034846642175431]]}, "roberta-base@mnli": {"jct": 12095.197028398514, "service": 81897.13759636879, "best_trials": [["roberta-base@mnli-49", "1e-3", 8, 0.8699949057564952]]}}
