{"roberta-base@rte": {"jct": 550.7980189323425, "service": 3459.970283985138, "best_trials": [["roberta-base@rte-14", "1e-4", 8, 0.5595667870036101], ["roberta-base@rte-23", "1e-3", 12, 0.7256317689530686], ["roberta-base@rte-17", "4e-4", 4, 0.7220216606498195]]}, "roberta-base@qqp": {"jct": 11226.197028398514, "service": 74581.94552063942, "best_trials": [["roberta-base@qqp-46", "4e-4", 12, 0.8678947886907695]]}}
