{"roberta-large@mrpc": {"jct": 709.3455929756165, "service": 4703.367789268494, "best_trials": [["roberta-large@mrpc-14", "1e-4", 8, 0.8768971332209106], ["roberta-large@mrpc-12", "1e-4", 1, 0.9128919860627178], ["roberta-large@mrpc-16", "4e-4", 1, 0.9323843416370107]]}, "roberta-large@mnli": {"jct": 40542.03677892685, "service": 217554.61065912247, "best_trials": [["roberta-large@mnli-42", "1e-4", 12, 0.9071828833418237]]}}
