{"vit@fashion_mnist": {"jct": 3924.4837489128113, "service": 15809.482487678528, "best_trials": [["vit@fashion_mnist-17", "4e-4", 4, 0.9324]]}, "vit@imagenet-split-2": {"jct": 5930.483748912811, "service": 23194.998738765717, "best_trials": [["vit@imagenet-split-2-44", "4e-4", 4, 0.8826]]}}
