{"roberta-large@rte": {"jct": 662.6911859512329, "service": 3794.3677892684937, "best_trials": [["roberta-large@rte-1", "1e-5", 4, 0.5234657039711191], ["roberta-large@rte-22", "1e-3", 8, 0.8447653429602888], ["roberta-large@rte-17", "4e-4", 4, 0.8483754512635379]]}, "roberta-large@qqp": {"jct": 31476.382371902466, "service": 212102.8091363907, "best_trials": [["roberta-large@qqp-46", "4e-4", 12, 0.885397533455786]]}}
