{"roberta-large@sst2": {"jct": 10966.03677892685, "service": 37662.095754146576, "best_trials": [["roberta-large@sst2-19", "4e-4", 12, 0.9621559633027523]]}, "roberta-large@mnli": {"jct": 42427.03677892685, "service": 176941.82371902466, "best_trials": [["roberta-large@mnli-41", "1e-4", 8, 0.9079979623025981]]}}
