{"vit-large@imagenet-split-0": {"jct": 2745.4136130809784, "service": 12574.825485944748, "best_trials": [["vit-large@imagenet-split-0-17", "4e-4", 4, 0.9656]]}, "vit-large@imagenet-split-1": {"jct": 5400, "service": 26524.687614917755, "best_trials": [["vit-large@imagenet-split-1-45", "4e-4", 8, 0.9090666666666667], ["vit-large@imagenet-split-1-41", "1e-4", 8, 0.8914666666666666]]}}
