{"vit-large@imagenet-split-0": {"jct": 2560.4136130809784, "service": 12524.687614917755, "best_trials": [["vit-large@imagenet-split-0-17", "4e-4", 4, 0.9656]]}, "vit-large@imagenet-split-2": {"jct": 9950.275742053986, "service": 50727.30716443062, "best_trials": [["vit-large@imagenet-split-2-39", "1e-4", 1, 0.876]]}}
