{"roberta-base@rte": {"jct": 550.7980189323425, "service": 3459.970283985138, "best_trials": [["roberta-base@rte-14", "1e-4", 8, 0.5595667870036101], ["roberta-base@rte-23", "1e-3", 12, 0.7256317689530686], ["roberta-base@rte-17", "4e-4", 4, 0.7220216606498195]]}, "roberta-base@mrpc": {"jct": 674.7980189323425, "service": 1512.1871230602264, "best_trials": [["roberta-base@mrpc-53", "1e-2", 8, 0.916083916083916], ["roberta-base@mrpc-44", "4e-4", 4, 0.9171075837742505], ["roberta-base@mrpc-41", "1e-4", 8, 0.8122270742358079]]}}
