{"vit-large@Bingsu#Cat_and_Dog": {"jct": 958.1378710269928, "service": 5397.998259782791, "best_trials": [["vit-large@Bingsu#Cat_and_Dog-4", "2e-5", 1, 0.9965], ["vit-large@Bingsu#Cat_and_Dog-8", "4e-5", 1, 0.9965], ["vit-large@Bingsu#Cat_and_Dog-12", "1e-4", 1, 0.996]]}, "vit-large@cifar100": {"jct": 4594.275742053986, "service": 26386.89355134964, "best_trials": [["vit-large@cifar100-41", "1e-4", 8, 0.7773], ["vit-large@cifar100-45", "4e-4", 8, 0.8542]]}}
