{"vit-large@frgfm#imagenette": {"jct": 1080, "service": 6083.998259782791, "best_trials": [["vit-large@frgfm#imagenette-4", "2e-5", 1, 0.9704458598726114], ["vit-large@frgfm#imagenette-12", "1e-4", 1, 0.9887898089171975]]}, "vit-large@fashion_mnist": {"jct": 5579.413613080978, "service": 33211.85864853859, "best_trials": [["vit-large@fashion_mnist-41", "1e-4", 8, 0.9279], ["vit-large@fashion_mnist-39", "1e-4", 1, 0.937]]}}
