{"vit@cifar100": {"jct": 3192.3224992752075, "service": 13157.15998840332, "best_trials": [["vit@cifar100-16", "4e-4", 1, 0.7863]]}, "vit@food101": {"jct": 5366.644998550415, "service": 24507.02997970581, "best_trials": [["vit@food101-44", "4e-4", 4, 0.8222178217821782]]}}
