{"roberta-large@stsb": {"jct": 879.3455929756165, "service": 5172.022196292877, "best_trials": [["roberta-large@stsb-14", "1e-4", 8, 0.8978808300845684], ["roberta-large@stsb-16", "4e-4", 1, 0.9233658458455452]]}, "roberta-large@qnli": {"jct": 9491.03677892685, "service": 61422.809136390686, "best_trials": [["roberta-large@qnli-45", "4e-4", 8, 0.9492952590151931]]}}
