{"vit@cifar100": {"jct": 3707.3224992752075, "service": 13393.643737316132, "best_trials": [["vit@cifar100-16", "4e-4", 1, 0.7863]]}, "vit@fashion_mnist": {"jct": 4793.3224992752075, "service": 18807.25623369217, "best_trials": [["vit@fashion_mnist-44", "4e-4", 4, 0.9324], ["vit@fashion_mnist-39", "1e-4", 1, 0.9316]]}}
