{"vit-large@Bingsu#Cat_and_Dog": {"jct": 958.1378710269928, "service": 5397.998259782791, "best_trials": [["vit-large@Bingsu#Cat_and_Dog-4", "2e-5", 1, 0.9965], ["vit-large@Bingsu#Cat_and_Dog-8", "4e-5", 1, 0.9965], ["vit-large@Bingsu#Cat_and_Dog-12", "1e-4", 1, 0.996]]}, "vit-large@imagenet-split-2": {"jct": 8030.275742053986, "service": 49527.30716443062, "best_trials": [["vit-large@imagenet-split-2-39", "1e-4", 1, 0.876]]}}
