{"vit-large@imagenet-split-0": {"jct": 2745.4136130809784, "service": 12574.825485944748, "best_trials": [["vit-large@imagenet-split-0-17", "4e-4", 4, 0.9656]]}, "vit-large@imagenet-split-2": {"jct": 6740.413613080978, "service": 34485.7905831337, "best_trials": [["vit-large@imagenet-split-2-45", "4e-4", 8, 0.878]]}}
