{"roberta-base@mrpc": {"jct": 529.3990094661713, "service": 3451.1722650527954, "best_trials": [["roberta-base@mrpc-14", "1e-4", 8, 0.8122270742358079], ["roberta-base@mrpc-16", "4e-4", 1, 0.911917098445596], ["roberta-base@mrpc-20", "1e-3", 1, 0.9266547406082289]]}, "roberta-base@qnli": {"jct": 5325.7980189323425, "service": 29905.53660583496, "best_trials": [["roberta-base@qnli-39", "1e-4", 1, 0.9271462566355483]]}}
