{"vit@Bingsu#Cat_and_Dog": {"jct": 933.3224992752075, "service": 4123.837489128113, "best_trials": [["vit@Bingsu#Cat_and_Dog-14", "1e-4", 8, 0.9965], ["vit@Bingsu#Cat_and_Dog-22", "1e-3", 8, 0.9965], ["vit@Bingsu#Cat_and_Dog-18", "4e-4", 8, 0.997]]}, "vit@imagenet-split-1": {"jct": 3065.3224992752075, "service": 16352.321238040924, "best_trials": [["vit@imagenet-split-1-50", "1e-3", 12, 0.9093333333333333], ["vit@imagenet-split-1-44", "4e-4", 4, 0.9098666666666667]]}}
