{"vit-large@Bingsu#Cat_and_Dog": {"jct": 958.1378710269928, "service": 5397.998259782791, "best_trials": [["vit-large@Bingsu#Cat_and_Dog-4", "2e-5", 1, 0.9965], ["vit-large@Bingsu#Cat_and_Dog-8", "4e-5", 1, 0.9965], ["vit-large@Bingsu#Cat_and_Dog-12", "1e-4", 1, 0.996]]}, "vit-large@imagenet-split-1": {"jct": 5714.137871026993, "service": 27270.48167848587, "best_trials": [["vit-large@imagenet-split-1-39", "1e-4", 1, 0.9064]]}}
