{"vit@cifar100": {"jct": 3014.3224992752075, "service": 13473.482487678528, "best_trials": [["vit@cifar100-16", "4e-4", 1, 0.7863]]}, "vit@imagenet-split-2": {"jct": 5507.3224992752075, "service": 23232.67623949051, "best_trials": [["vit@imagenet-split-2-43", "4e-4", 1, 0.8862]]}}
