{"roberta-base@mnli": {"jct": 17728.798018932343, "service": 75343.16235971451, "best_trials": [["roberta-base@mnli-22", "1e-3", 8, 0.8699949057564952]]}, "roberta-base@snli": {"jct": 21437.798018932343, "service": 85229.965331316, "best_trials": [["roberta-base@snli-45", "4e-4", 8, 0.9139402560455192]]}}
