{"roberta-base@qnli": {"jct": 4650.7980189323425, "service": 22303.566321849823, "best_trials": [["roberta-base@qnli-12", "1e-4", 1, 0.9271462566355483]]}, "roberta-base@qqp": {"jct": 17590.197028398514, "service": 81457.93561530113, "best_trials": [["roberta-base@qqp-46", "4e-4", 12, 0.8678947886907695]]}}
