{"vit-large@Bingsu#Cat_and_Dog": {"jct": 958.1378710269928, "service": 5397.998259782791, "best_trials": [["vit-large@Bingsu#Cat_and_Dog-4", "2e-5", 1, 0.9965], ["vit-large@Bingsu#Cat_and_Dog-8", "4e-5", 1, 0.9965], ["vit-large@Bingsu#Cat_and_Dog-12", "1e-4", 1, 0.996]]}, "vit-large@mnist": {"jct": 5405.413613080978, "service": 34217.23735880852, "best_trials": [["vit-large@mnist-41", "1e-4", 8, 0.9889], ["vit-large@mnist-44", "4e-4", 4, 0.9912]]}}
