{"roberta-large@qnli": {"jct": 12204.03677892685, "service": 57334.75016117096, "best_trials": [["roberta-large@qnli-18", "4e-4", 8, 0.9492952590151931]]}, "roberta-large@qqp": {"jct": 37382.382371902466, "service": 219632.88269424438, "best_trials": [["roberta-large@qqp-46", "4e-4", 12, 0.885397533455786]]}}
