{"vit@Bingsu#Cat_and_Dog": {"jct": 813.3224992752075, "service": 4123.837489128113, "best_trials": [["vit@Bingsu#Cat_and_Dog-14", "1e-4", 8, 0.9965], ["vit@Bingsu#Cat_and_Dog-18", "4e-4", 8, 0.997], ["vit@Bingsu#Cat_and_Dog-22", "1e-3", 8, 0.9965]]}, "vit@imagenet-split-0": {"jct": 1950.4837489128113, "service": 9380.707480430603, "best_trials": [["vit@imagenet-split-0-41", "1e-4", 8, 0.9576], ["vit@imagenet-split-0-43", "4e-4", 1, 0.9696], ["vit@imagenet-split-0-48", "1e-3", 4, 0.9728]]}}
