local_bsz,gpu_memory
32,3.538787841796875
64,6.570775032043457
96,9.598414421081543
128,12.620997428894043
160,15.65347957611084
192,18.687385082244873
224,21.70880365371704
256,24.73267936706543
