{"vit@Bingsu#Cat_and_Dog": {"jct": 933.3224992752075, "service": 4123.837489128113, "best_trials": [["vit@Bingsu#Cat_and_Dog-14", "1e-4", 8, 0.9965], ["vit@Bingsu#Cat_and_Dog-22", "1e-3", 8, 0.9965], ["vit@Bingsu#Cat_and_Dog-18", "4e-4", 8, 0.997]]}, "vit@cifar100": {"jct": 2264.3224992752075, "service": 11379.676239490509, "best_trials": [["vit@cifar100-44", "4e-4", 4, 0.7868], ["vit@cifar100-41", "1e-4", 8, 0.6082], ["vit@cifar100-49", "1e-3", 8, 0.781]]}}
