{"roberta-large@sst2": {"jct": 8082.036778926849, "service": 37372.40456819534, "best_trials": [["roberta-large@sst2-19", "4e-4", 12, 0.9621559633027523]]}, "roberta-large@snli": {"jct": 47152.382371902466, "service": 301993.91947317123, "best_trials": [["roberta-large@snli-46", "4e-4", 12, 0.9299939036781142]]}}
