{"roberta-base@mrpc": {"jct": 529.3990094661713, "service": 3451.1722650527954, "best_trials": [["roberta-base@mrpc-14", "1e-4", 8, 0.8122270742358079], ["roberta-base@mrpc-16", "4e-4", 1, 0.911917098445596], ["roberta-base@mrpc-20", "1e-3", 1, 0.9266547406082289]]}, "roberta-base@stsb": {"jct": 926.7980189323425, "service": 2416.3791987895966, "best_trials": [["roberta-base@stsb-31", "2e-5", 1, 0.8706339642571237], ["roberta-base@stsb-36", "4e-5", 4, 0.8581003373791458], ["roberta-base@stsb-43", "4e-4", 1, 0.9029954361862933], ["roberta-base@stsb-52", "1e-2", 4, 0.05950340578874849], ["roberta-base@stsb-47", "1e-3", 1, 0.9034846642175431]]}}
