{"vit@Bingsu#Cat_and_Dog": {"jct": 813.3224992752075, "service": 4123.837489128113, "best_trials": [["vit@Bingsu#Cat_and_Dog-14", "1e-4", 8, 0.9965], ["vit@Bingsu#Cat_and_Dog-18", "4e-4", 8, 0.997], ["vit@Bingsu#Cat_and_Dog-22", "1e-3", 8, 0.9965]]}, "vit@cifar100": {"jct": 3342.3224992752075, "service": 16737.191229343414, "best_trials": [["vit@cifar100-43", "4e-4", 1, 0.7863]]}}
