{"vit-large@fashion_mnist": {"jct": 5871.275742053986, "service": 27946.825485944748, "best_trials": [["vit-large@fashion_mnist-12", "1e-4", 1, 0.937]]}, "vit-large@food101": {"jct": 8132.275742053986, "service": 29291.722517728806, "best_trials": [["vit-large@food101-39", "1e-4", 1, 0.810930693069307]]}}
