{"roberta-large@rte": {"jct": 782.6911859512329, "service": 3794.3677892684937, "best_trials": [["roberta-large@rte-1", "1e-5", 4, 0.5234657039711191], ["roberta-large@rte-22", "1e-3", 8, 0.8447653429602888], ["roberta-large@rte-17", "4e-4", 4, 0.8483754512635379]]}, "roberta-large@sst2": {"jct": 5034.036778926849, "service": 31311.78694009781, "best_trials": [["roberta-large@sst2-50", "1e-3", 12, 0.9655963302752294]]}}
