{"roberta-base@stsb": {"jct": 590.3990094661713, "service": 3580.773255586624, "best_trials": [["roberta-base@stsb-4", "2e-5", 1, 0.8706339642571237], ["roberta-base@stsb-16", "4e-4", 1, 0.9029954361862933], ["roberta-base@stsb-20", "1e-3", 1, 0.9034846642175431]]}, "roberta-base@snli": {"jct": 16703.596037864685, "service": 113726.72372889519, "best_trials": [["roberta-base@snli-45", "4e-4", 8, 0.9139402560455192]]}}
