{"roberta-base@qnli": {"jct": 6193.197028398514, "service": 22719.162359714508, "best_trials": [["roberta-base@qnli-12", "1e-4", 1, 0.9271462566355483]]}, "roberta-base@snli": {"jct": 18284.197028398514, "service": 99717.56632184982, "best_trials": [["roberta-base@snli-45", "4e-4", 8, 0.9139402560455192]]}}
