{"vit-large@frgfm#imagenette": {"jct": 1080, "service": 6083.998259782791, "best_trials": [["vit-large@frgfm#imagenette-4", "2e-5", 1, 0.9704458598726114], ["vit-large@frgfm#imagenette-12", "1e-4", 1, 0.9887898089171975]]}, "vit-large@cifar100": {"jct": 5160, "service": 27251.44503545761, "best_trials": [["vit-large@cifar100-45", "4e-4", 8, 0.8542]]}}
