{"roberta-large@stsb": {"jct": 879.3455929756165, "service": 5172.022196292877, "best_trials": [["roberta-large@stsb-14", "1e-4", 8, 0.8978808300845684], ["roberta-large@stsb-16", "4e-4", 1, 0.9233658458455452]]}, "roberta-large@sst2": {"jct": 5696.691185951233, "service": 34661.82371902466, "best_trials": [["roberta-large@sst2-43", "4e-4", 1, 0.963302752293578]]}}
