{"vit@Bingsu#Cat_and_Dog": {"jct": 813.3224992752075, "service": 4123.837489128113, "best_trials": [["vit@Bingsu#Cat_and_Dog-14", "1e-4", 8, 0.9965], ["vit@Bingsu#Cat_and_Dog-18", "4e-4", 8, 0.997], ["vit@Bingsu#Cat_and_Dog-22", "1e-3", 8, 0.9965]]}, "vit@food101": {"jct": 4440, "service": 25002.02997970581, "best_trials": [["vit@food101-41", "1e-4", 8, 0.6701782178217822], ["vit@food101-44", "4e-4", 4, 0.8222178217821782]]}}
