{"roberta-large@stsb": {"jct": 879.3455929756165, "service": 5172.022196292877, "best_trials": [["roberta-large@stsb-14", "1e-4", 8, 0.8978808300845684], ["roberta-large@stsb-16", "4e-4", 1, 0.9233658458455452]]}, "roberta-large@sst2": {"jct": 6938.382371902466, "service": 44721.57388019562, "best_trials": [["roberta-large@sst2-46", "4e-4", 12, 0.9621559633027523]]}}
