{"vit@Bingsu#Cat_and_Dog": {"jct": 813.3224992752075, "service": 4123.837489128113, "best_trials": [["vit@Bingsu#Cat_and_Dog-14", "1e-4", 8, 0.9965], ["vit@Bingsu#Cat_and_Dog-18", "4e-4", 8, 0.997], ["vit@Bingsu#Cat_and_Dog-22", "1e-3", 8, 0.9965]]}, "vit@fashion_mnist": {"jct": 3598.3224992752075, "service": 20484.062481880188, "best_trials": [["vit@fashion_mnist-39", "1e-4", 1, 0.9316], ["vit@fashion_mnist-44", "4e-4", 4, 0.9324]]}}
