{"roberta-large@mrpc": {"jct": 709.3455929756165, "service": 4703.367789268494, "best_trials": [["roberta-large@mrpc-14", "1e-4", 8, 0.8768971332209106], ["roberta-large@mrpc-12", "1e-4", 1, 0.9128919860627178], ["roberta-large@mrpc-16", "4e-4", 1, 0.9323843416370107]]}, "roberta-large@sst2": {"jct": 5487.691185951233, "service": 33348.44134712219, "best_trials": [["roberta-large@sst2-39", "1e-4", 1, 0.9610091743119266]]}}
