{"roberta-large@mrpc": {"jct": 709.3455929756165, "service": 4703.367789268494, "best_trials": [["roberta-large@mrpc-14", "1e-4", 8, 0.8768971332209106], ["roberta-large@mrpc-12", "1e-4", 1, 0.9128919860627178], ["roberta-large@mrpc-16", "4e-4", 1, 0.9323843416370107]]}, "roberta-large@qqp": {"jct": 39662.382371902466, "service": 218073.22828722, "best_trials": [["roberta-large@qqp-46", "4e-4", 12, 0.885397533455786]]}}
