{"roberta-large@rte": {"jct": 782.6911859512329, "service": 3794.3677892684937, "best_trials": [["roberta-large@rte-1", "1e-5", 4, 0.5234657039711191], ["roberta-large@rte-22", "1e-3", 8, 0.8447653429602888], ["roberta-large@rte-17", "4e-4", 4, 0.8483754512635379]]}, "roberta-large@qqp": {"jct": 20466.691185951233, "service": 153542.8604979515, "best_trials": [["roberta-large@qqp-44", "4e-4", 4, 0.8851058235835415]]}}
