{"vit-large@mnist": {"jct": 5538.413613080978, "service": 27539.239099025726, "best_trials": [["vit-large@mnist-17", "4e-4", 4, 0.9912]]}, "vit-large@imagenet-split-2": {"jct": 10639.275742053986, "service": 36080.96335697174, "best_trials": [["vit-large@imagenet-split-2-39", "1e-4", 1, 0.876]]}}
