{"vit-large@Bingsu#Cat_and_Dog": {"jct": 958.1378710269928, "service": 5397.998259782791, "best_trials": [["vit-large@Bingsu#Cat_and_Dog-4", "2e-5", 1, 0.9965], ["vit-large@Bingsu#Cat_and_Dog-8", "4e-5", 1, 0.9965], ["vit-large@Bingsu#Cat_and_Dog-12", "1e-4", 1, 0.996]]}, "vit-large@imagenet-split-0": {"jct": 3068.551484107971, "service": 15251.85864853859, "best_trials": [["vit-large@imagenet-split-0-50", "1e-3", 12, 0.964], ["vit-large@imagenet-split-0-44", "4e-4", 4, 0.9656]]}}
