{"roberta-large@qnli": {"jct": 12204.03677892685, "service": 57334.75016117096, "best_trials": [["roberta-large@qnli-18", "4e-4", 8, 0.9492952590151931]]}, "roberta-large@snli": {"jct": 66036.03677892685, "service": 302345.5738801956, "best_trials": [["roberta-large@snli-46", "4e-4", 12, 0.9299939036781142]]}}
