{"roberta-base@qnli": {"jct": 4753.197028398514, "service": 22719.162359714508, "best_trials": [["roberta-base@qnli-12", "1e-4", 1, 0.9271462566355483]]}, "roberta-base@qqp": {"jct": 11189.197028398514, "service": 55079.56136918068, "best_trials": [["roberta-base@qqp-45", "4e-4", 8, 0.8681931505051831]]}}
