{"vit@Bingsu#Cat_and_Dog": {"jct": 933.3224992752075, "service": 4123.837489128113, "best_trials": [["vit@Bingsu#Cat_and_Dog-14", "1e-4", 8, 0.9965], ["vit@Bingsu#Cat_and_Dog-22", "1e-3", 8, 0.9965], ["vit@Bingsu#Cat_and_Dog-18", "4e-4", 8, 0.997]]}, "vit@fashion_mnist": {"jct": 2616.3224992752075, "service": 13012.676239490509, "best_trials": [["vit@fashion_mnist-44", "4e-4", 4, 0.9324]]}}
