{"vit-large@frgfm#imagenette": {"jct": 1080, "service": 6083.998259782791, "best_trials": [["vit-large@frgfm#imagenette-4", "2e-5", 1, 0.9704458598726114], ["vit-large@frgfm#imagenette-12", "1e-4", 1, 0.9887898089171975]]}, "vit-large@food101": {"jct": 7005.137871026993, "service": 39065.7905831337, "best_trials": [["vit-large@food101-39", "1e-4", 1, 0.810930693069307]]}}
