{"vit-large@imagenet-split-0": {"jct": 2560.4136130809784, "service": 12524.687614917755, "best_trials": [["vit-large@imagenet-split-0-17", "4e-4", 4, 0.9656]]}, "vit-large@imagenet-split-1": {"jct": 7720.275742053986, "service": 40128.41013264656, "best_trials": [["vit-large@imagenet-split-1-39", "1e-4", 1, 0.9064]]}}
