{"vit@frgfm#imagenette": {"jct": 736.1612496376038, "service": 4700.676239490509, "best_trials": [["vit@frgfm#imagenette-16", "4e-4", 1, 0.9903184713375797]]}, "vit@imagenet-split-0": {"jct": 1957.3224992752075, "service": 7051.3537402153015, "best_trials": [["vit@imagenet-split-0-41", "1e-4", 8, 0.9576], ["vit@imagenet-split-0-39", "1e-4", 1, 0.964], ["vit@imagenet-split-0-43", "4e-4", 1, 0.9696]]}}
