{"vit@Bingsu#Cat_and_Dog": {"jct": 813.3224992752075, "service": 4123.837489128113, "best_trials": [["vit@Bingsu#Cat_and_Dog-14", "1e-4", 8, 0.9965], ["vit@Bingsu#Cat_and_Dog-18", "4e-4", 8, 0.997], ["vit@Bingsu#Cat_and_Dog-22", "1e-3", 8, 0.9965]]}, "vit@imagenet-split-1": {"jct": 4696.3224992752075, "service": 22675.352478981018, "best_trials": [["vit@imagenet-split-1-41", "1e-4", 8, 0.8562666666666666], ["vit@imagenet-split-1-43", "4e-4", 1, 0.9082666666666667]]}}
